Time(s),P_Fuel_Tank(bar),P_Chamber(bar),P_Fuel_Injector_Warm(bar),P_Fuel_Injector_Cold(bar),P_Ox_Injector(bar),Fuel_Flow_Rate(L/s),Ox_Valve_Angle(deg),Fuel_Valve_Angle(deg),P_Ox_Tank(bar),P_N2_Tank(bar),Engine_Temperature(K),Tank_Mass(kg),Thrust(N)
5374.8029272556305,32.960655212402344,1.0123015642166138,0.9498931169509888,1.1643624305725098,0.8822556138038635,0.0,0.0,0.0,33.45259094238281,199.0211334228516,12.90625,1.7245523929595947,55.83510971069336
5374.811351060867,32.960655212402344,1.0123015642166138,0.9498931169509888,1.1643624305725098,0.8822556138038635,0.0,0.0,0.0,33.46673263140992,199.0335420617528,,1.7137114259065962,55.616676072828646
5374.8233234882355,32.953093835564836,1.0115486770462256,0.9438475331598284,1.1532305354953083,0.8887250259469299,0.0,0.0,0.0,33.48683166503906,199.0511779785156,12.890625,1.6983035802841189,55.30622482299805
5374.830582618713,32.948509216308594,1.011092185974121,0.9401819705963136,1.1464810371398926,0.8926475644111633,0.0,0.0,0.0,33.480522962516964,199.02930215847468,,1.7133417164740095,55.358691823692006
5374.844230175018,32.96362811436408,1.012005603874549,0.9429585498905102,1.1478576063499613,0.8885994341274349,0.0,0.0,0.0,33.46866226196289,198.98817443847656,12.890625,1.7416142225265503,55.457332611083984
5374.8515429496765,32.97172927856445,1.012495040893555,0.944446325302124,1.1485952138900757,0.8864303231239319,0.0,0.0,0.0,33.46318152218692,198.97535615948604,,1.7341512336614266,53.595604844989715
5374.863520622253,32.98608677212677,1.0132696652371151,0.9407281055470137,1.1552312025187788,0.8841924908322318,0.0,0.0,0.0,33.45420455932617,198.9543609619141,12.890625,1.721927523612976,50.54626083374024
5374.8764770030975,33.001617431640625,1.014107584953308,0.9367060661315918,1.162409424781799,0.8817718029022217,0.0,0.0,0.0,33.49432924620761,198.9694469821232,,1.7203499254035122,52.8621712795822
5374.885077953339,32.979497935809725,1.0133135594092706,0.9363062335154405,1.1583071368196265,0.8877853333332825,0.0,0.0,0.0,33.520965576171875,198.97946166992188,12.890625,1.7193026542663574,54.39956283569336
5374.895748138428,32.952056884765625,1.0123285055160522,0.9358102083206176,1.153217911720276,0.8952456116676331,0.0,0.0,0.0,33.509390497205295,198.96569761957903,,1.7286984777804957,53.65062161471106
5374.904453754425,32.954673597044426,1.0126539288197067,0.9388979691909687,1.1576029743320921,0.896808446104751,0.0,0.0,0.0,33.49994659423828,198.9544677734375,12.890625,1.7363643646240234,53.0395736694336
5374.916307926178,32.95823669433594,1.013097047805786,0.943102478981018,1.163573980331421,0.8989365100860596,0.0,0.0,0.0,33.49286303241746,198.93974998421263,,1.7198587373762677,53.45270426569895
5374.926133155823,32.95172876371456,1.012723703402103,0.941420666786396,1.15506398824723,0.8902331040046363,0.0,0.0,0.0,33.48699188232422,198.92755126953125,12.9140625,1.7061781883239746,53.79512405395508
5374.937242507935,32.94437026977539,1.0123015642166138,0.9395190477371216,1.1454417705535889,0.8803921937942505,0.0,0.0,0.0,33.453870342102384,198.97559258662787,,1.7159303803141486,53.714922913832375
5374.947064399719,32.95566499683955,1.0126597781563924,0.9420613031517969,1.1504106995644168,0.8799492155829054,0.0,0.0,0.0,33.42458724975586,199.01806640625,12.9140625,1.7245523929595947,53.64401626586914
5374.955517292023,32.96538543701172,1.0129680633544922,0.9442492127418518,1.1546870470046997,0.8795679807662964,0.0,0.0,0.0,33.451246371636024,199.0175081664581,,1.722369885506147,54.14659066942798
5374.967396736145,32.94788207712187,1.0135329604055312,0.9403411462751,1.1566246380630791,0.8766451702121194,0.0,0.0,0.0,33.488712310791016,199.0167236328125,12.9140625,1.7193026542663574,54.8528938293457
5374.974960803986,32.936737060546875,1.013892650604248,0.9378527402877808,1.1578583717346191,0.8747841119766235,0.0,0.0,0.0,33.486412999945806,198.99173255015995,,1.7157379075953707,54.750285679806474
5375.0008153915405,32.944304745992774,1.0127919359872608,0.9369190945329561,1.1554178367709744,0.8797799940671799,0.0,0.0,0.0,33.478553771972656,198.90631103515625,12.9140625,1.703553318977356,54.39956283569336
5375.00324177742,32.94501495361328,1.0126886367797852,0.9368314743041992,1.155188798904419,0.8802488446235657,0.0,0.0,0.0,33.47183494226736,198.95272609945474,,1.6972297502122133,54.01530397917834
5375.009880065918,32.944163209844476,1.0133916508828467,0.937738893262034,1.1592603588150254,0.8817875378015679,0.0,0.0,0.0,33.453453063964844,199.0797119140625,12.9140625,1.679929256439209,52.96401977539063
5375.018315315247,32.94308090209961,1.0142849683761597,0.9388919472694396,1.1644340753555298,0.8837427496910095,0.0,0.0,0.0,33.4660908868208,199.05906313589625,,1.6880787809055207,52.58869870238174
5375.030256986618,32.93456856616808,1.0138312306680957,0.9428661080194307,1.1597089016646063,0.8912216837654041,0.0,104.79060847329575,87.32550706107979,33.48398208618164,199.0298309326172,12.9140625,1.6996159553527832,52.0573616027832
5375.0388276577,32.92845916748047,1.0135055780410769,0.9457184076309204,1.1563175916671753,0.8965893983840942,0.0,180.0,150.0,33.47392855043239,199.03739338314594,,1.7034518821568232,53.1930448063863
5375.050783872604,32.927781251419425,1.0134269171486951,0.9389522167391303,1.1608042717484037,0.8962004271924622,0.0,180.0,150.0,33.459903717041016,199.0479431152344,12.9453125,1.7088030576705933,54.777339935302734
5375.062509775162,32.92711639404297,1.0133497714996338,0.9323163628578186,1.1652045249938965,0.8958189487457275,0.0,180.0,150.0,33.48331760537265,199.05475714582283,,1.7171218075540973,53.68894801785752
5375.071133852005,32.94508156925381,1.0127858312004865,0.9349253043096178,1.165286669472759,0.8864102281137286,0.0,180.0,150.0,33.50053787231445,199.0597686767578,12.9453125,1.7232400178909302,52.888465881347656
5375.077553272247,32.95845413208008,1.0123660564422607,0.9368672966957092,1.1653478145599363,0.879406750202179,0.0,180.0,150.0,33.49421790610295,199.05286251766077,,1.7154831226362033,53.005978568897575
5375.091770648956,32.960585800463136,1.013535557199016,0.9347345246381927,1.1606083210987888,0.8763142149520021,0.0,180.0,150.0,33.480220794677734,199.03756713867188,12.9453125,1.6983035802841189,53.266239166259766
5375.099052190781,32.96167755126953,1.0141345262527466,0.9336422085762024,1.1581809520721436,0.8747303485870361,0.0,180.0,150.0,33.48427415280794,199.03850180172623,,1.7038799445103425,54.25605274349344
5375.112335920334,32.95907039207228,1.012327159420181,0.9347808434823796,1.1572182811280594,0.8778046903818882,0.0,180.0,150.0,33.491668701171875,199.0402069091797,12.9453125,1.71405291557312,56.061771392822266
5375.122045278549,32.9571647644043,1.0110061168670654,0.9356130957603456,1.1565146446228027,0.8800517916679382,0.0,180.0,150.0,33.49350119629686,198.97858305817923,,1.7058114462661162,55.24844127362354
5375.133982896805,32.95567002962743,1.012277741968403,0.9336394380561006,1.1570785468240155,0.8859351838067397,0.0,180.0,150.0,33.49575424194336,198.9028167724609,12.859375,1.6956785917282104,54.24845504760742
5375.144803285599,32.954315185546875,1.01343035697937,0.9318504929542542,1.1575896739959717,0.8912679553031921,0.0,180.0,150.0,33.47991154951352,198.99862532812122,,1.681862864641016,53.5786891626408
5375.153512954712,32.95773786862274,1.012444726075601,0.9316274432367296,1.1585847793759712,0.88662703151706,0.0,180.0,150.0,33.467159271240234,199.07574462890625,12.859375,1.670742154121399,53.0395736694336
5375.162994623184,32.961463928222656,1.0113717317581177,0.9313846230506896,1.1596680879592896,0.8815747499465942,0.0,180.0,150.0,33.47210242961438,199.0755449053356,,1.6888018139243965,54.129949140168435
5375.181764364243,32.96914927289072,1.0103173133088623,0.9398752046888874,1.1572867412563808,0.8818867594680293,0.0,180.0,150.0,33.48188781738281,199.0751495361328,12.859375,1.7245523929595947,56.28843688964844
5375.183472394943,32.9698486328125,1.0102213621139526,0.940647840499878,1.1570700407028198,0.8819151520729065,0.0,180.0,150.0,33.484885847101275,199.07045284616657,,1.7245523929595947,56.012916464401336
5375.194410800934,32.976285765130726,1.0104532561757549,0.9319639433047539,1.1579520609290175,0.8832518552684426,0.0,180.0,150.0,33.504085540771484,199.04037475585935,12.859375,1.7245523929595947,54.24845504760742
5375.205025672913,32.9825325012207,1.0106782913208008,0.9235368967056274,1.1588079929351809,0.8845490217208862,0.0,180.0,150.0,33.48899067683533,199.04397626616952,,1.7099953544220523,54.98591505678016
5375.218336343765,32.98881788458762,1.010990846022621,0.9305504065517637,1.15872957472714,0.8836078914113633,0.0,180.0,150.0,33.470062255859375,199.04849243164065,12.8828125,1.6917413473129272,55.91066360473633
5375.2263123989105,32.992584228515625,1.0111781358718872,0.9347530603408812,1.1586825847625732,0.8830439448356628,0.0,180.0,150.0,33.46342744175263,199.01469254988623,,1.690173544005266,55.700069015218155
5375.238367319107,32.997916403188704,1.012272144179998,0.9401541684476957,1.158545023079086,0.8821494887090059,0.0,180.0,150.0,33.453399658203125,198.96360778808597,12.8828125,1.6878039836883545,55.381778717041016
5375.245147705078,33.00091552734375,1.012887477874756,0.9431920647621156,1.1584676504135132,0.8816463947296143,0.0,180.0,150.0,33.46062457355651,198.93904282875206,,1.708635274632286,54.64756322123205
5375.259299516678,32.9894001552124,1.0138701108879304,0.9323556490243748,1.158382533224944,0.8892712462547618,0.0,180.0,150.0,33.475704193115234,198.8877716064453,12.8828125,1.752113699913025,53.11513137817383
5375.268991231918,32.98151397705078,1.014543056488037,0.924934446811676,1.1583242416381836,0.894493043422699,0.0,180.0,150.0,33.485628113630526,198.9630746350734,,1.7377073373074898,53.52980622258227
5375.278723955154,32.984628858069634,1.0146786669597445,0.9312251663643833,1.1582473167741003,0.8888467775982095,0.0,180.0,150.0,33.4955940246582,199.0386962890625,12.8828125,1.7232400178909302,53.94623565673828
5375.287120580673,32.9873161315918,1.0147956609725952,0.9366523027420044,1.1581809520721436,0.883975625038147,0.0,180.0,150.0,33.4827258051476,199.03998385960108,,1.7263306082640109,54.50965107244646
5375.300117969513,32.983308203976414,1.0127723499533439,0.939560188639174,1.152865085070482,0.8843327338325362,0.0,180.0,150.0,33.46280670166016,199.0419769287109,12.8828125,1.731114625930786,55.381778717041016
5375.309944629669,32.98027801513672,1.0112426280975342,0.9417586922645568,1.1488460302352903,0.8846027255058289,0.0,180.0,150.0,33.4689357386994,199.03621408659157,,1.7246081652835468,54.666698034346815
5375.321921825409,32.986142320261926,1.0127284563266314,0.942149732655439,1.154783465742823,0.8878176681502935,0.0,180.0,150.0,33.47640609741211,199.02919006347656,12.8828125,1.7166777849197388,53.79512405395508
5375.324763298035,32.98753356933594,1.0130809545516968,0.9422425031661988,1.1561920642852783,0.8885803818702698,0.0,180.0,150.0,33.47457944353874,199.03293243749837,,1.7174985788555355,53.834500492730506
5375.349182605743,32.97804959964527,1.012478746515692,0.94734435489093,1.1540343098217662,0.8919426080524409,0.0,180.0,150.0,33.45888137817383,199.06509399414065,13.015625,1.7245523929595947,54.17289733886719
5375.350919485092,32.97737503051758,1.0124359130859375,0.9477072358131408,1.1538808345794678,0.8921817541122437,0.0,180.0,150.0,33.4611076862082,199.05984277983507,,1.716151536293505,54.414708145102956
5375.35840845108,32.97249587601661,1.0130446584610777,0.9439729017668066,1.1520100771266737,0.8904620819381491,0.0,180.0,150.0,33.470706939697266,199.0372009277344,13.015625,1.679929256439209,55.457332611083984
5375.369568109512,32.96522521972656,1.0139517784118652,0.9384081959724426,1.1492223739624023,0.8878995180130005,0.0,180.0,150.0,33.46191878822724,199.00952344755555,,1.6719014906009166,54.53304307566376
5375.378477573395,32.96108796888264,1.0138523765310865,0.9368055392948531,1.154477242342612,0.8887470741217758,0.0,180.0,150.0,33.45490264892578,198.9874267578125,13.015625,1.6654924154281616,53.79512405395508
5375.3902859687805,32.955604553222656,1.0137206315994265,0.9346814155578612,1.1614419221878052,0.8898704051971436,0.0,180.0,150.0,33.469182240997384,199.00679210321573,,1.6997758922653776,53.12483304563073
5375.402436256409,32.94856332763178,1.0134599217686255,0.9391462790876707,1.1589048028376943,0.8890213869857245,0.0,180.0,150.0,33.4838752746582,199.02671813964844,13.015625,1.7350519895553589,52.43513488769531
5375.412081003189,32.94297409057617,1.0132529735565186,0.9426904320716858,1.156890869140625,0.8883474469184875,0.0,180.0,150.0,33.4661182989238,199.04182566186057,,1.7139334805177981,53.32834020550818
5375.4318063259125,32.91627882577144,1.0128319607602854,0.9419144746234757,1.151624529582003,0.8791520024184469,0.0,180.0,150.0,33.42980194091797,199.07272338867188,12.8828125,1.670742154121399,55.15511322021485
5375.433489084244,32.91400146484375,1.0127960443496704,0.9418482780456544,1.1511752605438232,0.87836754322052,0.0,180.0,150.0,33.42991891318569,199.06499102284158,,1.674938239716373,54.95747277432646
5375.443385601044,32.89510410559378,1.0131851285741396,0.9427025240330273,1.1526573687723363,0.8841516958704122,0.0,180.0,150.0,33.430606842041016,199.0195159912109,12.8828125,1.6996159553527832,53.79512405395508
5375.450717687607,32.881103515625,1.013473391532898,0.9433354139328004,1.1537554264068604,0.888437032699585,0.0,180.0,150.0,33.434981746980434,199.0211203519548,,1.6878013082224266,54.01277042370425
5375.46374797821,32.81391724271416,1.0132597745832448,0.9455439907174757,1.160412021697842,0.8843295241429189,0.0,180.0,150.0,33.44275665283203,199.0239715576172,12.8828125,1.6668047904968262,54.39956283569336
5375.473339557648,32.764461517333984,1.0131025314331057,0.9471697211265564,1.1653119325637815,0.881305992603302,0.0,180.0,150.0,33.43915603957057,198.996870243803,,1.6674153553072113,54.32926835934395
5375.484366416931,32.731013962944495,1.0128810860498303,0.9504607242084487,1.1625159318413734,0.8811931034097409,0.003984735051983614,180.0,150.0,33.43501663208008,198.96571350097656,12.8828125,1.6681172847747805,54.24845504760742
5375.4960923194885,32.6954460144043,1.012645602226257,0.9539603590965272,1.159542679786682,0.8810730576515198,0.0082220807671546,180.0,150.0,33.45077703313724,199.00873939586262,,1.6892042088767305,53.55477631768857
5375.504801273346,32.62704457109096,1.0123169058204364,0.956055075036949,1.1656334799341386,0.883280582069771,0.01179862243243782,180.0,150.0,33.46248245239258,199.0406951904297,12.859375,1.7048656940460205,53.0395736694336
5375.515460252762,32.54332733154297,1.011914610862732,0.9586188197135924,1.1730880737304688,0.8859823942184448,0.016175989061594,180.0,150.0,33.45373448006791,198.90453248380024,,1.6781642671738692,53.39430235521116
5375.5252339839935,32.49725798242015,1.0115987760261023,0.9548571253590428,1.192902808785093,0.9274617099442882,0.026319437722037903,180.0,150.0,33.44571304321289,198.77967834472656,12.859375,1.653680443763733,53.71957015991211
5375.538084983826,32.43668365478516,1.011183500289917,0.9499110579490662,1.2189562320709229,0.9820008277893066,0.0396565608680248,180.0,150.0,33.45593588891052,198.8769065699905,,1.6745468925276412,53.54160818443538
5375.54705786705,32.31536810808305,1.011171221079101,0.9619852059443563,1.2604282569776788,1.1805024567691325,0.05744457527237978,180.0,150.0,33.46307373046875,198.94479370117188,12.859375,1.689116358757019,53.41735076904297
5375.5576848983765,32.171688079833984,1.011156678199768,0.9762852191925048,1.309545636177063,1.4155977964401243,0.0785118043422699,180.0,150.0,33.474011365007435,198.90803748720722,,1.7889238994626622,55.75526765085542
5375.567320585251,32.0495120950385,1.0111516531570703,1.0649283682262918,1.4249840437233787,2.42700941290025,0.08815570227601217,180.0,150.0,33.48392868041992,198.8747100830078,12.859375,1.8794208765029907,57.875091552734375
5375.578257799149,31.91083335876465,1.0111459493637085,1.165544867515564,1.556015133857727,3.57503604888916,0.0991022363305091,180.0,150.0,33.464319938522095,198.8106380607085,,1.7986377205497428,56.4383426932624
5375.589176654816,31.81783848432946,1.010909456595154,1.4595213879096895,1.9709807253218048,7.2555542366343815,0.1177585879017569,180.0,150.0,33.44474411010742,198.7466735839844,12.859375,1.717990159988403,55.004005432128906
5375.601836442947,31.71001625061035,1.010635256767273,1.8003703355789185,2.4521095752716064,11.522904396057127,0.1393895596265792,180.0,150.0,33.439953774282856,198.5997665690254,,1.674343124859085,50.58169070943828
5375.608210325241,31.668077787409576,1.0309891305609267,3.4370127217968545,5.416380492270525,13.038632017440097,0.1494090623389032,180.0,150.0,33.43754196166992,198.5258026123047,12.859375,1.6523679494857788,48.355167388916016
5375.619433164597,31.59423446655273,1.0668272972106934,6.318737506866455,10.635732650756836,15.7074556350708,0.1670509427785873,180.0,150.0,33.43690585583761,198.51273265044372,,1.6534760518846527,45.13367945331295
5375.634794950485,31.508982916926545,1.6667009667401598,10.59701866292658,12.49391323192361,18.18246333195766,0.18727633415869868,180.0,150.0,33.43603515625,198.49484252929688,12.8203125,1.6549928188323977,40.724117279052734
5375.644993543625,31.45238494873047,2.064953327178955,13.437342643737791,13.727547645568848,19.82560539245605,0.2007038444280624,180.0,150.0,33.41739457588627,198.4395344496609,,1.129701566410683,53.70496186209168
5375.650644302368,31.46831671679149,2.1527452179292568,16.143294999546683,15.639760886656962,20.5373841253279,0.2343569356896218,180.0,150.0,33.407066345214844,198.4088897705078,12.8203125,0.8386521935462952,60.89728927612305
5375.662151813507,31.50076103210449,2.331529378890991,21.65384292602539,19.53389549255371,21.986888885498047,0.3028899133205414,180.0,150.0,33.390702954493406,198.26868589028933,,1.3927614196262463,-38.943734039859876
5375.677709817886,31.2528640047121,5.254064307643386,17.124419179950877,17.208785998760362,23.237725802322423,0.30136542006386885,180.0,150.0,33.36857986450195,198.07913208007807,12.8203125,2.1419098377227783,-173.927490234375
5375.679420471191,31.22560691833496,5.575406551361084,16.626394271850586,16.95313262939453,23.375259399414062,0.3011977970600128,180.0,150.0,33.360640847115064,198.07217374042983,,2.075127461688569,-175.41599213740437
5375.691863298416,31.210491026700765,7.802873644048047,17.928667551210616,18.43350505036786,24.216258255864794,0.3009955265040591,180.0,150.0,33.30289459228516,198.0215606689453,12.8203125,1.589370608329773,-186.24295043945312
5375.704021692276,31.195720672607425,9.979422569274902,19.201171875,19.880037307739254,25.03803253173828,0.3007978796958923,180.0,150.0,33.28989051383996,197.9144540450338,,1.5859068042413325,-193.68733733785504
5375.719504594803,31.173471808583976,11.997438036038613,20.51263906746407,21.035209822530415,26.52662537647333,0.24954829577390808,180.0,150.0,33.27333068847656,197.77806091308597,12.84375,1.5814958810806274,-203.16726684570312
5375.735129594803,31.151018751105678,14.033974248385803,21.83614251565202,22.20098416699228,28.02888008347296,0.19782835841771534,180.0,150.0,33.28010177612305,197.6714782714844,12.84375,1.484375,-219.1093597412109
5375.741428136826,31.1419677734375,14.854915618896484,22.36965560913086,22.67091560363769,28.634449005126957,0.1769797056913375,180.0,150.0,33.27127271020259,197.60913377141094,,1.582655457028308,-218.90077421068636
5375.753381729126,31.120719002868388,15.191307359459056,22.674638508525337,22.927303837936286,29.306438284094416,0.175088659074536,180.0,150.0,33.2545166015625,197.4908142089844,12.84375,1.7691755294799805,-218.50491333007807
5375.756183862686,31.115737915039062,15.270163536071776,22.746131896972656,22.98740577697754,29.463964462280277,0.1746453642845153,180.0,150.0,33.24386207426542,197.45028907141614,,1.7537801144587368,-219.92498338735462
5375.762362957001,31.09541893005371,15.314422607421877,22.77549743652344,23.065523147583008,29.600439071655277,0.1746453642845153,180.0,150.0,33.22036735938765,197.36092550548767,,1.7198310826280916,-223.05643541444869
5375.774403095245,31.085772278289223,15.501508881095782,22.9773187612334,23.197055087872286,29.924591008184084,0.1699044793819852,180.0,150.0,33.17458724975586,197.18679809570312,12.84375,1.653680443763733,-229.1581573486328
5375.785104751587,31.077198028564453,15.667797088623049,23.15670394897461,23.31396484375,30.21270751953125,0.1656906306743621,180.0,150.0,33.16018169928133,197.05817439436854,,1.4784472204042487,-229.0828759943588
5375.795883893967,31.06068169427261,15.719843110280758,23.241291910216802,23.396021995004514,30.375486312903693,0.16617678115435236,180.0,150.0,33.14567184448242,196.9286193847656,12.84375,1.3019452095031738,-229.00704956054688
5375.805487155914,31.04596710205078,15.76621150970459,23.316652297973636,23.469127655029297,30.5205078125,0.1666098982095718,180.0,150.0,33.14383170980501,196.8975810596622,,1.3481424241305082,-231.44179170317088
5375.815254449844,31.0230252202774,15.846499380949181,23.331474910808716,23.511265010102697,30.61724491864945,0.16395663276176495,180.0,150.0,33.14196014404297,196.8660125732422,12.84375,1.3951287269592283,-233.91812133789065
5375.823657274246,31.00328826904297,15.915571212768556,23.344226837158203,23.547515869140625,30.70046806335449,0.1616740226745605,180.0,150.0,33.113001842054736,196.77638844241744,,1.4482501146466074,-233.56183738596212
5375.836637735367,30.998133820468492,15.948267099959137,23.334112368610924,23.546110965696272,30.799016186211386,0.16341097698181717,180.0,150.0,33.068267822265625,196.637939453125,12.84375,1.5303106307983398,-233.01145935058597
5375.847342252731,30.99388313293457,15.97523021697998,23.32577133178711,23.544952392578125,30.880285263061523,0.1648433804512024,180.0,150.0,33.08199047573453,196.4423751589395,,1.5549377078224615,-232.6756809955067
5375.858315706253,30.96753787432012,15.980011961933815,23.31936577130765,23.514019382278956,30.907980368991456,0.16165280078049413,180.0,150.0,33.0960578918457,196.2418975830078,12.890625,1.580183506011963,-232.3314666748047
5375.866708755493,30.9473876953125,15.98366928100586,23.31446647644043,23.49036026000977,30.929162979125977,0.1592124849557876,180.0,150.0,33.09196064163762,196.21974651253979,,1.5321659994390262,-233.51616015467775
5375.87758564949,30.93690379082315,15.976340133669092,23.301474286105034,23.4747947372891,30.951481930252868,0.16148501275860688,180.0,150.0,33.08665084838867,196.1910400390625,12.890625,1.4699381589889526,-235.05145263671875
5375.884888410568,30.92986488342285,15.97141933441162,23.29275131225586,23.464344024658203,30.966466903686523,0.1630107909440994,180.0,150.0,33.05304693943609,196.1150103586398,,1.4616503908576568,-233.93819568263967
5375.898401975632,30.89950217661541,15.90219005832088,23.240544740820386,23.426880938368885,30.95369382569941,0.1650119677105487,180.0,150.0,32.99086380004883,195.9743194580078,12.890625,1.4463140964508057,-231.87814331054688
5375.907257080078,30.87960624694824,15.856825828552246,23.206335067749023,23.402332305908203,30.9453239440918,0.1663232892751693,180.0,150.0,32.97175813940805,195.81995339122983,,1.4590474359370897,-231.64490520066929
5375.918481588364,30.877072258921206,15.830195617900655,23.175623269464484,23.372102033650368,30.954756390090008,0.16411904305686617,180.0,150.0,32.947540283203125,195.6242828369141,12.890625,1.47518789768219,-231.3492584228516
5375.926064014435,30.8753604888916,15.812206268310549,23.15487670898437,23.351680755615234,30.96112823486328,0.162630021572113,180.0,150.0,32.923463577048814,195.54369325065525,,1.50422470864976,-229.787274847402
5375.939387559891,30.85404897008802,15.756526848473234,23.09941445172483,23.284922493969848,30.938716110079728,0.16304469965349502,180.0,150.0,32.88115692138672,195.40208435058597,12.9765625,1.5552470684051514,-227.0426177978516
5375.94753742218,30.841012954711918,15.722468376159668,23.065488815307617,23.24408721923828,30.92500686645508,0.1632983535528183,180.0,150.0,32.887379027056525,195.357909988434,,1.5782936557000753,-225.41434130906694
5375.959808588028,30.82770180546421,15.61147724150702,22.972584163473595,23.163043776875362,30.932241672339654,0.16406614081163162,180.0,150.0,32.89674758911133,195.29139709472656,12.9765625,1.61299467086792,-222.9626617431641
5375.969539403915,30.81714630126953,15.523463249206545,22.89891242980957,23.098777770996094,30.93797874450684,0.1646749824285507,180.0,150.0,32.89366610669495,195.2082148404325,,1.540848453071751,-223.56101667714603
5375.980696678162,30.806087791969727,15.48513717550379,22.878914703891756,23.064213995625664,30.93429187147404,0.16459022786339222,180.0,150.0,32.890132904052734,195.1128387451172,12.9765625,1.458126187324524,-224.24708557128903
5375.989712715149,30.79715156555176,15.454166412353516,22.862754821777344,23.036283493041992,30.93131256103516,0.1645217388868332,180.0,150.0,32.86537768605687,195.00122526361793,,1.4614732273431381,-222.8212099197644
5375.998373270035,30.784387834492314,15.398925574578298,22.81802887939342,22.99158143360846,30.9132766686767,0.16772794501171062,180.0,150.0,32.84159851074219,194.89401245117188,12.9765625,1.4646883010864258,-221.45155334472656
5376.009078979492,30.76861000061035,15.330639839172363,22.762741088867188,22.936323165893555,30.890981674194336,0.171691283583641,180.0,150.0,32.838226013448306,194.78624411067986,,1.4777255035817205,-222.79460103109824
5376.018850326538,30.75500734955231,15.329216456522294,22.77833051789175,22.94188718032913,30.88433922182735,0.1684288253598809,180.0,150.0,32.835147857666016,194.68788146972656,13.0,1.4896248579025269,-224.0204315185547
5376.030663967133,30.738561630249023,15.327495574951172,22.797178268432617,22.9486141204834,30.87630844116211,0.1644844859838485,180.0,150.0,32.823266720653855,194.56178799837164,,1.5103004688259782,-223.2852715840496
5376.044347047806,30.746735036910643,15.28922272066879,22.78019909285167,22.921590592427187,30.870262410678485,0.16453395736064713,180.0,150.0,32.809505462646484,194.41574096679688,13.0,1.534247875213623,-222.43377685546875
5376.051629781723,30.75108528137207,15.26885223388672,22.77116203308105,22.907207489013672,30.86704444885254,0.1645602881908416,180.0,150.0,32.80617257366851,194.39189215976978,,1.50346807498362,-221.17239816721892
5376.062668561935,30.738277536203935,15.215821809882218,22.722815038279823,22.874353262411947,30.855198357410856,0.16887990463678676,180.0,150.0,32.80112075805664,194.35574340820312,13.0,1.4568136930465698,-219.26046752929688
5376.073217630386,30.726037979125977,15.165143966674805,22.676612854003903,22.84295654296875,30.8438777923584,0.1730078905820846,180.0,150.0,32.81636649412483,194.3424128316352,,1.4667508741470123,-221.02066352047947
5376.080780982971,30.726731685047437,15.158658935189656,22.671736026783993,22.84117677702401,30.840079565958312,0.17066244895021276,180.0,150.0,32.82729721069336,194.33285522460935,13.0,1.4738755226135254,-222.2826690673828
5376.092557430267,30.72781181335449,15.148561477661133,22.664142608642575,22.83840560913086,30.83416557312012,0.1670105010271072,180.0,150.0,32.78874788641812,194.26807227987507,,1.440772297004333,-221.57838985533357
5376.102258443832,30.72811763137466,15.162289359054633,22.628147465753955,22.83119807555494,30.832228424063373,0.16593339446559655,180.0,150.0,32.75699234008789,194.21470642089844,12.9765625,1.4135030508041382,-220.99822998046875
5376.11300778389,30.728456497192383,15.17750072479248,22.5882625579834,22.823211669921875,30.830081939697266,0.1647398918867111,180.0,150.0,32.71958044587117,194.22920781056547,,1.436776222214598,-218.61171556669865
5376.121656417847,30.71110694431909,15.18194019316978,22.60273756979461,22.815344933768035,30.8225121640059,0.19426304127974836,180.0,150.0,32.68947982788086,194.24087524414065,12.9765625,1.4555011987686155,-216.69158935546875
5376.131227970123,30.6919059753418,15.186853408813477,22.618757247924805,22.806638717651367,30.81413459777832,0.2269366830587387,180.0,150.0,32.71159086924245,194.28802484771802,,1.5074941822015977,-216.5871826453408
5376.1424350738525,30.663218517295178,15.134187814143884,22.594636404592023,22.767529286306246,30.789986479442984,0.2384936434893129,180.0,150.0,32.73748016357422,194.34323120117188,12.9765625,1.5683715343475342,-216.4649353027344
5376.153172016144,30.63573455810547,15.083731651306152,22.5715274810791,22.730060577392575,30.7668514251709,0.24956576526165,180.0,150.0,32.72603186873796,194.3917842212233,,1.5367621145043202,-217.10717833792938
5376.165171146393,30.626435993995337,15.022325821166719,22.55516120963427,22.713467332295608,30.74710892065048,0.25407960033007515,180.0,150.0,32.71323776245117,194.446044921875,12.9765625,1.5014368295669556,-217.82492065429688
5376.174952030182,30.61885643005371,14.972271919250488,22.541820526123047,22.69994163513184,30.731016159057617,0.2577589750289917,180.0,150.0,32.68984944017145,194.51416990425406,,1.4428969571799346,-216.46256581484096
5376.185783863068,30.637285235276604,14.975073859669417,22.536854520185756,22.722642917876644,30.728130738366467,0.22558936214999437,180.0,150.0,32.66394805908203,194.5896148681641,12.9765625,1.3780670166015625,-214.95382690429688
5376.194255828857,30.65169906616211,14.977265357971191,22.5329704284668,22.740398406982425,30.725873947143555,0.2004283517599105,180.0,150.0,32.66234983492913,194.6315749442492,,1.3878183490162133,-216.91861282063968
5376.206308364868,30.644925996909173,14.988099344622949,22.519056029449736,22.714517825846197,30.71978805383209,0.19390400684416714,180.0,150.0,32.66007614135742,194.69126892089844,12.9765625,1.40169095993042,-219.7137908935547
5376.21941280365,30.637561798095703,14.999878883361816,22.50392723083496,22.686378479003903,30.713171005249023,0.1868102401494979,180.0,150.0,32.64071516841546,194.81878189818573,,1.4333114866584102,-217.84905818597238
5376.228608846664,30.647724894042145,15.00365180690266,22.505864268643005,22.686901342388012,30.690696675564975,0.17600550653735697,180.0,150.0,32.62712860107422,194.90826416015625,13.109375,1.4555011987686155,-216.5404815673828
5376.23736000061,30.65739631652832,15.007242202758787,22.507707595825195,22.68739891052246,30.669309616088867,0.1657234877347946,180.0,150.0,32.58464347609139,194.8688116858687,,1.4633326099038977,-216.36708118421024
5376.247674465179,30.64842296886125,14.98874598163999,22.502365357388076,22.684562881872758,30.65553786923723,0.16845694879257636,180.0,150.0,32.534568786621094,194.8223114013672,13.109375,1.4725630283355713,-216.16270446777344
5376.25638794899,30.64084243774414,14.97312068939209,22.497852325439453,22.682167053222656,30.643903732299805,0.1707661300897598,180.0,150.0,32.519032251072616,194.9776735793214,,1.4599909301801328,-217.01233164727333
5376.268595933914,30.640681290305096,14.976174433361939,22.487674442774775,22.68294150885617,30.652977281043988,0.18113017655602945,180.0,150.0,32.49726486206055,195.19534301757807,13.109375,1.4423768520355225,-218.20269775390625
5376.280951976776,30.64051818847656,14.979265213012695,22.477373123168945,22.683725357055664,30.66216087341309,0.1916199177503585,180.0,150.0,32.49458809022556,194.70649044214068,,1.4382946563359427,-217.92068750136266
5376.288458585739,30.646410872640345,14.992198295616875,22.474965401383532,22.663370079021636,30.650564467490035,0.191153628574076,180.0,150.0,32.49296188354492,194.4095001220703,13.109375,1.435814619064331,-217.74935913085935
5376.299439907074,30.655031204223636,15.011117935180664,22.47144317626953,22.63359260559082,30.63360023498535,0.1904715001583099,180.0,150.0,32.476805957538744,194.6880997384651,,1.4126487728160646,-216.53342271012102
5376.309611320496,30.637630666887663,14.982370239328471,22.467217735985166,22.636733370998066,30.614736039983867,0.18801030711187713,180.0,150.0,32.46184158325195,194.94615173339844,13.2109375,1.391191482543945,-215.40716552734372
5376.317254304886,30.624555587768555,14.960768699645996,22.46404266357422,22.63909339904785,30.600561141967773,0.186160922050476,180.0,150.0,32.467928626341205,195.11683329431534,,1.4052031357625587,-216.1561758158532
5376.329656600952,30.609282185236648,15.007784506947852,22.474403469172827,22.660114571747357,30.583906369257466,0.18720947827515444,180.0,150.0,32.477806091308594,195.393798828125,13.2109375,1.4279398918151855,-217.37159729003903
5376.339601993561,30.597034454345703,15.045486450195312,22.482711791992188,22.676971435546875,30.5705509185791,0.18805031478405,180.0,150.0,32.45127398202884,195.28331765787067,,1.4261370424130273,-218.37485686397633
5376.3513770103455,30.570925375859126,14.98119346606684,22.425945326979,22.623967519640217,30.53533954040354,0.17150189906459412,180.0,150.0,32.41986083984375,195.1525115966797,13.2109375,1.4240025281906128,-219.56268310546875
5376.355408191681,30.561986923217773,14.959182739257812,22.40651130676269,22.60582160949707,30.52328491210937,0.1658365428447723,180.0,150.0,32.42088173343501,195.2297142667508,,1.435401190379891,-219.45585988202225
5376.371335506439,30.59066325177043,14.99288529673708,22.453034497913485,22.64213964381125,30.526978065397834,0.16725287236725572,180.0,150.0,32.4249153137207,195.5347442626953,13.2109375,1.4804376363754272,-219.03379821777344
5376.377889156342,30.602462768554688,15.006752967834473,22.472177505493164,22.65708351135254,30.52849769592285,0.1678356528282165,180.0,150.0,32.40706987364496,195.67902422513205,,1.4653563706153387,-217.7666925961435
5376.392437696457,30.589383473691377,15.007377703856603,22.450714848199553,22.61491234239203,30.49349611654965,0.16908569429333034,180.0,150.0,32.367454528808594,195.9993133544922,13.2109375,1.4318772554397583,-214.95382690429688
5376.396544456482,30.585691452026367,15.007554054260254,22.444656372070312,22.603008270263672,30.48361587524414,0.1694385558366775,180.0,150.0,32.36112920237864,196.13989389081055,,1.425688667856612,-215.4649896091967
5376.412469387054,30.58272487633551,15.019489865052833,22.457321679751384,22.597455725954216,30.470163709679642,0.17314777715879928,180.0,150.0,32.33660125732422,196.68502807617188,13.390625,1.40169095993042,-217.4471435546875
5376.419049501419,30.581499099731445,15.024421691894531,22.462554931640625,22.59516143798828,30.4646053314209,0.1746804118156433,180.0,150.0,32.326412329969855,196.41130182350497,,1.4158937320283507,-216.87728416577215
5376.432535171509,30.570245786184845,15.015655157410094,22.452078800379983,22.59545862595834,30.452469645344646,0.17199572286309023,180.0,150.0,32.3055305480957,195.85031127929688,13.390625,1.4450017213821411,-215.7093811035156
5376.444235801697,30.560482025146484,15.008049011230469,22.442989349365234,22.59571647644043,30.441940307617188,0.1696663945913314,180.0,150.0,32.30973682977196,196.1117305105372,,1.435300029628325,-215.47666798230722
5376.451529502869,30.55575658622391,14.948204870588354,22.393211181030914,22.546946592628434,30.432737921799355,0.1673056644084283,180.0,150.0,32.31235885620117,196.27468872070312,13.390625,1.4292523860931396,-215.33160400390625
5376.45783996582,30.551668167114254,14.896428108215332,22.350143432617188,22.504751205444336,30.424776077270508,0.1652631759643554,180.0,150.0,32.292872494244286,196.30450880930303,,1.4217063420487166,-215.44020738042235
5376.473480463028,30.55944996456776,14.958714679504107,22.407613416090697,22.570217597442877,30.409399909365963,0.17136911803542842,180.0,150.0,32.24457550048828,196.37841796875,13.390625,1.403003454208374,-215.7093811035156
5376.478690624237,30.562042236328125,14.979463577270508,22.4267578125,22.592025756835938,30.404277801513672,0.1734031289815902,180.0,150.0,32.2418563906712,196.37496404589177,,1.40611604334117,-215.76911105003342
5376.493252515793,30.551117510336354,14.966799718617043,22.397210989084567,22.570678126379388,30.386193200133146,0.1689674581216097,180.0,150.0,32.234256744384766,196.3653106689453,13.390625,1.4148154258728027,-215.93605041503903
5376.502047300339,30.54451942443848,14.959151268005373,22.379365921020508,22.557785034179688,30.37527084350586,0.1662884950637817,180.0,150.0,32.21312605474624,196.3696537620817,,1.4303804278335392,-216.16835898170658
5376.513275146484,30.545298437742158,14.922450061354938,22.37700583337858,22.553076382761272,30.360720811002455,0.16928822926173756,180.0,150.0,32.18614959716797,196.3751983642578,13.390625,1.4502514600753784,-216.4649353027344
5376.520630836487,30.545808792114254,14.89840602874756,22.375459671020508,22.549991607666016,30.35118865966797,0.1712534427642822,180.0,150.0,32.18891259652842,196.4307079126993,,1.442804293466807,-216.08665140504263
5376.535312652588,30.545386460109945,14.93725994839275,22.398641699647715,22.564558313305856,30.318829031716298,0.17071548292641203,180.0,150.0,32.194427490234375,196.54150390625,13.640625,1.4279398918151855,-215.33160400390625
5376.543042421341,30.545164108276367,14.95771598815918,22.41084671020508,22.572227478027344,30.30179214477539,0.1704322546720504,180.0,150.0,32.17740880720409,196.4821916200794,,1.4350692776056213,-215.74202986754352
5376.555234193802,30.548905739021734,14.994273612025328,22.41230603388046,22.57461625935691,30.3039103562218,0.17030001325020644,180.0,150.0,32.15056610107422,196.38864135742188,13.640625,1.4463140964508057,-216.38937377929688
5376.5616064071655,30.550861358642575,15.013381004333496,22.413068771362305,22.57586479187012,30.30501747131348,0.170230895280838,180.0,150.0,32.15666795230928,196.463493652118,,1.427480325397942,-216.58212707512976
5376.5752165317535,30.55629259467551,14.988245268188132,22.38249221405632,22.56030157139677,30.276479014840955,0.16906989669034042,180.0,150.0,32.169700622558594,196.6233673095703,13.640625,1.3872541189193726,-216.9938201904297
5376.587335109711,30.561128616333008,14.965864181518556,22.35526657104492,22.546443939208984,30.25106811523437,0.1680361330509185,180.0,150.0,32.1343968129405,196.5983295648197,,1.405363427869613,-216.24320999395033
5376.597173452377,30.55242441017472,14.964827762243948,22.385104508257488,22.55302168968021,30.249194732437953,0.16812269959551016,180.0,150.0,32.105735778808594,196.5780029296875,13.640625,1.4200652837753296,-215.6338348388672
5376.604834318161,30.54564666748047,14.96402072906494,22.40833854675293,22.558143615722656,30.24773597717285,0.1681901067495346,180.0,150.0,32.094908159639935,196.64179482065992,,1.4200652837753296,-216.32291795517992
5376.616492986679,30.541418103989006,14.977405001881953,22.412782466013944,22.56391409121988,30.229661096826018,0.1690251688804078,180.0,150.0,32.07843017578125,196.73887634277344,13.8046875,1.4200652837753296,-217.37159729003903
5376.630029201508,30.536508560180664,14.992944717407228,22.41794204711914,22.570613861083984,30.208675384521484,0.1699947118759155,180.0,150.0,32.06162915859662,196.63207700040007,,1.435662595461203,-215.80025337035025
5376.6392731666565,30.52285151167319,14.969700792702094,22.379104761627598,22.533621215385175,30.194225562682647,0.16964486755743158,180.0,150.0,32.05015563964844,196.55914306640625,13.8046875,1.4463140964508057,-214.7271728515625
5376.650512456894,30.50624656677246,14.941439628601074,22.331884384155277,22.488643646240234,30.17665672302246,0.169219508767128,180.0,150.0,32.02986881559477,196.6432255957424,,1.4510904818176058,-217.47685164137255
5376.660891294479,30.50748436243731,14.960970708884076,22.351162019406832,22.51675100770002,30.16658129471859,0.1711709215797987,180.0,150.0,32.01113510131836,196.7208709716797,13.8046875,1.4555011987686155,-220.0160217285156
5376.673046588898,30.508934020996094,14.983844757080078,22.37373924255371,22.54966926574707,30.15478134155273,0.1734563410282135,180.0,150.0,31.996406434592153,196.65762368285732,,1.4318173140689539,-219.5429904507545
5376.693897008896,30.509275096934598,14.956867889731985,22.42298165052361,22.57086765210674,30.134537278778566,0.17040260514273364,180.0,150.0,31.971141815185547,196.54913330078125,13.8046875,1.391191482543945,-218.7315826416016
5376.696133136749,30.50931167602539,14.953974723815918,22.42826271057129,22.57314109802246,30.13236618041992,0.1700751036405563,180.0,150.0,31.96735678175288,196.61989446654093,,1.4031371805450323,-217.1209355604266
5376.703232765198,30.50257155097588,14.954155435861303,22.41466955719807,22.553849335602525,30.117574515366773,0.1704339702884481,180.0,150.0,31.95533943176269,196.8445587158203,14.125,1.4410643577575684,-212.00718688964844
5376.716402769089,30.490068435668945,14.954490661621094,22.389453887939453,22.51806259155273,30.09013557434082,0.1710996776819229,180.0,150.0,31.92406390136816,196.78632139404735,,1.4340816311043463,-213.6881945255458
5376.73046207428,30.503498064048756,14.963162224819833,22.382465917715997,22.527420304453887,30.08064291323216,0.17009039282608063,180.0,150.0,31.89067649841309,196.72415161132807,14.125,1.4266273975372314,-215.4827117919922
5376.743673086166,30.51611739179984,14.971310573755806,22.375899579164354,22.536213403023744,30.07172300879607,0.16914200497573423,180.0,150.0,31.892719268798828,196.7115173339844,14.125,1.47518789768219,-216.5404815673828
5376.757536411285,30.529359817504883,14.97986125946045,22.369009017944336,22.545440673828125,30.06236267089844,0.1681467890739441,180.0,150.0,31.895551254110938,196.8421113209976,,1.4845812591307166,-216.63879936070742
5376.759571075439,30.52140617370605,15.027458190917969,22.323320388793945,22.46891593933105,30.059282302856445,0.1681467890739441,180.0,150.0,31.89596689314053,196.86127807225168,,1.4859598847967308,-216.6532290655629
5376.7649800777435,30.515023092257394,14.99979325252556,22.319221974451395,22.475461340571297,30.054038667849923,0.16930501176173535,180.0,150.0,31.897071838378903,196.9122314453125,14.125,1.4896248579025269,-216.69158935546875
5376.7756514549255,30.502429962158203,14.945213317871094,22.31113624572754,22.488374710083008,30.04369354248047,0.1715900599956512,180.0,150.0,31.874350165288714,196.87164097488494,,1.4692233405015087,-216.27484267256995
5376.786261558533,30.498350178801903,14.965876745686636,22.33074924906634,22.507853825120627,30.033437480905476,0.17194533512004292,180.0,150.0,31.85175895690918,196.83128356933597,14.453125,1.4489389657974243,-215.8604888916016
5376.794242858887,30.495281219482425,14.981420516967772,22.345502853393555,22.522506713867188,30.02572250366211,0.1722125858068466,180.0,150.0,31.81669548694604,196.87416496422557,,1.4348709724213518,-216.12080308338227
5376.807110309601,30.516655132412396,14.979939500515473,22.355268375643703,22.52003312511781,30.006369584438605,0.17213462098935248,180.0,150.0,31.76016616821289,196.94329833984372,14.453125,1.412190556526184,-216.5404815673828
5376.816150426865,30.53167152404785,14.978899002075195,22.36212921142578,22.518295288085938,29.992773056030277,0.1720798462629318,180.0,150.0,31.778500445396553,196.9374688606123,,1.4018994401649258,-216.21135196174555
5376.827862501144,30.529835731300196,14.955767651603335,22.354322870648627,22.52602322772735,29.97218491778472,0.1730938499905364,180.0,150.0,31.80225372314453,196.92991638183597,14.453125,1.3885666131973269,-215.78494262695312
5376.834671020508,30.52876853942871,14.942320823669434,22.34978485107422,22.530515670776367,29.9602165222168,0.1736833155155182,180.0,150.0,31.79763049568657,196.92900733536663,,1.3950438214307257,-215.8115739232235
5376.847176551819,30.50786866067803,14.942662676114344,22.299878608014794,22.506587053106983,29.954209611150898,0.17333170197180908,180.0,150.0,31.789138793945312,196.9273376464844,14.453125,1.4069408178329468,-215.8604888916016
5376.857312679291,30.490928649902344,14.94293975830078,22.259428024291992,22.487192153930664,29.9493408203125,0.1730467081069946,180.0,150.0,31.783287735412287,196.9204306165655,,1.375911089264754,-215.04176158237007
5376.867755174637,30.486441923563476,14.952849247082003,22.318687472505395,22.510059042379048,29.950997271716297,0.1694754728111422,180.0,150.0,31.77725982666016,196.91331481933597,14.453125,1.343943476676941,-214.1982879638672
5376.877080440521,30.48243522644043,14.961698532104492,22.371606826782227,22.530479431152344,29.952476501464844,0.1662863194942474,180.0,150.0,31.77060944941179,196.8741044048333,,1.360820933969834,-215.2368936938633
5376.8887848854065,30.48188500980149,14.95524402813069,22.339880409782893,22.5047046098344,29.923812785681886,0.17012265840796068,180.0,150.0,31.76226234436035,196.82489013671875,14.453125,1.3820043802261353,-216.5404815673828
5376.898787498474,30.481414794921875,14.94972801208496,22.312767028808597,22.4826774597168,29.899316787719727,0.173401191830635,180.0,150.0,31.740967810071925,196.84844963946196,,1.4044101496985752,-215.8576160842944
5376.908705949783,30.4789612378044,14.983605448646331,22.316655170105022,22.482949697880443,29.88218455845595,0.17464737215897114,180.0,150.0,31.71985244750977,196.87181091308597,14.8203125,1.4266273975372314,-215.1804962158203
5376.920954942703,30.47593116760254,15.025443077087402,22.321456909179688,22.483285903930664,29.861026763916016,0.1761863678693771,180.0,150.0,31.68014097201096,196.7534130075185,,1.3811645600784994,-215.223405058646
5376.930276155472,30.46994157754701,15.018707390935734,22.30431838780846,22.46155108358577,29.858370314792314,0.17378386795107484,180.0,150.0,31.649921417236328,196.66331481933597,14.8203125,1.3465683460235596,-215.2560577392578
5376.941447973251,30.4627628326416,15.010634422302246,22.28377723693848,22.43550109863281,29.855186462402344,0.1709043830633163,180.0,150.0,31.646913340660156,196.77307684895027,,1.3552957712884282,-216.30276692067127
5376.950436592102,30.461478692314937,15.010205567891267,22.305937137745403,22.456586198215383,29.847366290103587,0.1702446711136568,180.0,150.0,31.644493103027344,196.86138916015625,14.8203125,1.362317681312561,-217.1449279785156
5376.959137916565,30.460235595703125,15.009790420532228,22.32738876342773,22.47699737548828,29.83979606628418,0.1696060448884964,180.0,150.0,31.633775473678234,196.83613511997262,,1.3817023502139403,-217.33091515744826
5376.971645116806,30.44742293908651,14.982316815058848,22.301348996263908,22.46580233351996,29.844435461668965,0.17216724066274286,180.0,150.0,31.618370056152344,196.79983520507807,14.8203125,1.4095656871795654,-217.59825134277344
5376.984061002731,30.434703826904297,14.95504379272461,22.27549934387207,22.454689025878903,29.849040985107425,0.1747097373008728,180.0,150.0,31.62200736318467,196.8306732429609,,1.3999640483812883,-217.69037474824952
5376.992010593414,30.42195608358389,14.92574685471412,22.26956547469091,22.444210590030128,29.83007198934418,0.17344833707800045,180.0,150.0,31.62433624267578,196.8504180908203,15.0546875,1.393816351890564,-217.74935913085935
5377.001894235611,30.40610694885254,14.889322280883787,22.262187957763672,22.431182861328125,29.80648803710937,0.1718800514936447,180.0,150.0,31.62238116414027,196.83952726699266,,1.389585892616745,-216.84478838274845
5377.0134744644165,30.40305780503882,14.906929308857128,22.272767734558354,22.44425017890223,29.80715577796483,0.16987673232125453,180.0,150.0,31.62009048461914,196.82676696777344,15.0546875,1.384629249572754,-215.78494262695312
5377.023328781128,30.400463104248047,14.92191219329834,22.28177070617676,22.45536994934082,29.80772399902344,0.1681719869375229,180.0,150.0,31.609010411021725,196.80313843031317,,1.403475413547804,-216.0999238244942
5377.034748315811,30.397317161763127,14.961065221550875,22.259266573243284,22.443700158480972,29.794160965783945,0.1689015040936886,180.0,150.0,31.59617042541504,196.7757568359375,15.0546875,1.425315022468567,-216.4649353027344
5377.046349525452,30.394121170043945,15.00084114074707,22.236404418945312,22.43184471130371,29.78038215637207,0.1696426272392273,180.0,150.0,31.626225397635977,196.71773057726787,,1.39879079207893,-215.74387295020543
5377.055413722992,30.389755186660217,14.964371072536743,22.243600401197057,22.430093535931178,29.774785281287382,0.16962725753115576,180.0,150.0,31.649707794189453,196.67239379882807,15.0546875,1.3780670166015625,-215.1804962158203
5377.064426183701,30.38541412353516,14.928109169006348,22.250755310058597,22.42835235595703,29.76922035217285,0.1696119755506515,180.0,150.0,31.632681051839178,196.68693374824275,,1.3587831408057982,-215.27845129453004
5377.076268672943,30.377501885464742,14.974512182229505,22.20879551832145,22.409457621635617,29.76605932956044,0.170076783987886,180.0,150.0,31.610307693481445,196.7060394287109,15.4296875,1.3334438800811768,-215.40716552734372
5377.0830907821655,30.372943878173828,15.001243591308594,22.18462371826172,22.39857292175293,29.764238357543945,0.1703445464372635,180.0,150.0,31.61651993289795,196.7055348004556,,1.3526331579704356,-215.59128047425736
5377.095865726471,30.38060846977706,14.955694018352244,22.22640449203313,22.437385853661535,29.756366776969823,0.17034626509568723,180.0,150.0,31.62815284729004,196.70458984375,15.4296875,1.3885666131973269,-215.93605041503903
5377.107458353043,30.387563705444336,14.91436004638672,22.264318466186523,22.472606658935547,29.749223709106445,0.1703478246927261,180.0,150.0,31.629978489160518,196.71641266861428,,1.4063950848056272,-215.6202462603873
5377.1180539131165,30.36837150447325,14.924534563401961,22.251896085410284,22.4415875195028,29.741036607359117,0.17264757827192886,180.0,150.0,31.63164710998535,196.7272186279297,15.4296875,1.4226901531219482,-215.33160400390625
5377.129417657852,30.347787857055664,14.935446739196776,22.23857307434082,22.4083194732666,29.732255935668945,0.1751140654087066,180.0,150.0,31.59880252329861,196.5534493777398,,1.4264271087254978,-214.3850403725339
5377.13800907135,30.347552138978543,14.910781719300166,22.221564251831037,22.405791536093062,29.729623131791804,0.17135943285934777,180.0,150.0,31.57397079467773,196.4220733642578,15.4296875,1.4292523860931396,-213.66940307617188
5377.147075414658,30.34730339050293,14.884753227233888,22.203615188598636,22.40312385559082,29.726844787597656,0.1673972457647323,180.0,150.0,31.57255887992743,196.51032594850088,,1.4244128306968764,-213.56492490124913
5377.157678842545,30.342726599060317,14.92681507432024,22.192600656369862,22.38634262742699,29.712453582191184,0.1676506031784904,180.0,150.0,31.57090759277344,196.6135406494141,15.4296875,1.4187527894973757,-213.44273376464844
5377.166876554489,30.338756561279297,14.963300704956056,22.183046340942383,22.37178611755371,29.699970245361328,0.1678703725337982,180.0,150.0,31.5610771249712,196.61141566182698,,1.4165506951035287,-215.0273728515166
5377.179605960846,30.327233818683386,14.91274974461009,22.19365165800899,22.367467504696243,29.69238368546876,0.16861242751993846,180.0,150.0,31.54747200012207,196.6084747314453,15.4296875,1.4135030508041382,-217.2204742431641
5377.1907477378845,30.317148208618164,14.86850357055664,22.20293426513672,22.36368751525879,29.68574333190918,0.1692619323730468,180.0,150.0,31.51887169777241,196.4903233044651,,1.3959942469366187,-216.6002007819947
5377.201320648193,30.300893159603252,14.867330790455995,22.2005122311515,22.360517130673717,29.68193602995226,0.16962202488910302,180.0,150.0,31.49173164367676,196.37820434570312,15.4296875,1.379379391670227,-216.0115966796875
5377.209206819534,30.288768768310547,14.866456031799316,22.198705673217773,22.358152389526367,29.679096221923828,0.1698906123638153,180.0,150.0,31.4917930594672,196.39974081621676,,1.3929630199811194,-215.77990122341757
5377.221893548965,30.288741545835467,14.857109805139833,22.172040789524775,22.344730770606333,29.67122141697767,0.17469413249632074,180.0,150.0,31.491891860961918,196.43438720703125,15.8203125,1.4148154258728027,-215.40716552734372
5377.234984874725,30.288713455200195,14.84746551513672,22.1445255279541,22.33088111877441,29.663095474243164,0.1796508431434631,180.0,150.0,31.499078279040436,196.44225001962278,,1.3997531297342947,-215.97078384195143
5377.244707584381,30.29867315063362,14.866453575809885,22.165606816165287,22.3421084301147,29.657259809591714,0.17879637128865183,180.0,150.0,31.50441551208496,196.44808959960935,15.8203125,1.3885666131973269,-216.38937377929688
5377.253403425217,30.307580947875977,14.88343620300293,22.18446159362793,22.352149963378903,29.652040481567383,0.1780321449041366,180.0,150.0,31.49323607946916,196.4354854912102,,1.3969659008806248,-215.90584195724566
5377.2637305259705,30.31000498573785,14.844138467154679,22.157317873539814,22.327698599440115,29.645362337524077,0.17229745067257915,180.0,150.0,31.47995948791504,196.42051696777344,15.8203125,1.4069408178329468,-215.33160400390625
5377.270581483841,30.311613082885746,14.818068504333496,22.139310836791992,22.31147766113281,29.640932083129883,0.1684930771589279,180.0,150.0,31.478165798462562,196.41575043301972,,1.3760312593093977,-215.28217678540784
5377.284675121307,30.256598082582943,14.872325985974662,22.156807359860615,22.32148863821559,29.62520291915934,0.1719255144273145,180.0,150.0,31.474475860595703,196.40594482421875,15.8203125,1.312444806098938,-215.1804962158203
5377.294871807098,30.216794967651367,14.911581039428713,22.16946601867676,22.328731536865234,29.61382293701172,0.1744088679552078,180.0,150.0,31.47548994272795,196.27919497309716,,1.3385059949204676,-215.4430478556772
5377.305215358734,30.23427978999521,14.878629065759348,22.15721060922393,22.32938683179616,29.60626413986017,0.17273345596058037,180.0,150.0,31.476518630981445,196.15061950683597,16.078125,1.3649425506591797,-215.7093811035156
5377.314682006836,30.250282287597656,14.848470687866213,22.145994186401367,22.329986572265625,29.599346160888672,0.171200081706047,180.0,150.0,31.464626432828,196.20811240974726,,1.3799618394233524,-216.35785331949623
5377.325068950653,30.247507459613384,14.868296374046995,22.14782351744285,22.329651212938092,29.595301294676904,0.17131635031161352,180.0,150.0,31.45157814025879,196.2711944580078,16.078125,1.3964412212371826,-217.06936645507807
5377.332995414734,30.24538993835449,14.88342571258545,22.149219512939453,22.329395294189453,29.592214584350582,0.1714050769805908,180.0,150.0,31.424872521638726,196.2617758074955,,1.3771172359300472,-215.52906281679893
5377.346064567566,30.242020964837256,14.883282471997338,22.149663897126192,22.313661387070123,29.592035251645783,0.16761469099248724,180.0,150.0,31.380840301513672,196.24624633789065,16.078125,1.3452558517456057,-212.98941040039065
5377.355096578598,30.23969268798828,14.883183479309082,22.14997100830078,22.30278778076172,29.59191131591797,0.1649951785802841,180.0,150.0,31.375033366679855,196.17877996241882,,1.359737564135548,-214.10098856338445
5377.365709781647,30.22699177314573,14.872294875981188,22.117648419436087,22.281220320345312,29.587775328090164,0.1660251331009972,180.0,150.0,31.368209838867188,196.09950256347656,16.078125,1.3767545223236084,-215.40716552734372
5377.378452539444,30.211742401123047,14.85922145843506,22.078840255737305,22.25532531738281,29.582809448242188,0.1672617495059967,180.0,150.0,31.36536111636232,195.9592898855839,,1.3545923774915065,-215.18719306176703
5377.387593984604,30.223802142350934,14.891461980161802,22.1068069201788,22.278471094208918,29.58366530623771,0.16558550272753966,180.0,150.0,31.363317489624023,195.85870361328125,16.078125,1.338693618774414,-215.0293884277344
5377.399313926697,30.2392635345459,14.932796478271484,22.142662048339844,22.30814552307129,29.584762573242188,0.1634364426136016,180.0,150.0,31.371343222885336,195.9863358985821,,1.3828971835847648,-213.9690922754557
5377.408472537994,30.213284609132014,14.902512187718237,22.136588963111187,22.29175872331773,29.580870654354182,0.16615344640899296,180.0,150.0,31.377614974975582,196.0860748291016,16.078125,1.4174402952194214,-213.14051818847656
5377.419552326202,30.181856155395508,14.865875244140623,22.12924194335937,22.271934509277344,29.57616233825684,0.1694403886795044,180.0,150.0,31.389587882186444,196.0280803350786,,1.4065600686416615,-213.89214437188178
5377.428520202637,30.176271499520375,14.864621398821562,22.127160307919464,22.290693548512106,29.568064587237895,0.16921496871775016,180.0,150.0,31.39927864074707,195.98114013671875,16.390625,1.3977537155151367,-214.50050354003903
5377.438541889191,30.17003059387207,14.86322021484375,22.124834060668945,22.311656951904297,29.55901527404785,0.1689630597829818,180.0,150.0,31.361294477068796,195.98043777937286,,1.3737264099194197,-215.44898924764263
5377.447679758072,30.16617075250915,14.859206950637523,22.105911043198933,22.28142398381596,29.54833201673862,0.16808316731643896,180.0,150.0,31.32666015625,195.97979736328125,16.390625,1.3518180847167969,-216.31382751464844
5377.458649396896,30.16153717041016,14.854389190673828,22.083194732666016,22.24513053894043,29.53550720214844,0.1670268923044204,180.0,150.0,31.36245199032443,195.91398695479393,,1.3674849934182596,-216.3922535646184
5377.468815565109,30.157129818656134,14.848572156612828,22.076373606087063,22.249885048056246,29.53809025915226,0.1685855423917588,180.0,150.0,31.39562225341797,195.85299682617188,16.390625,1.3820043802261353,-216.4649353027344
5377.481214761734,30.15175437927246,14.841477394104004,22.06805419921875,22.25568389892578,29.541240692138672,0.1704865545034408,180.0,150.0,31.378570701266213,195.88736964074255,,1.3465006880950219,-214.97847993463304
5377.488983154297,30.157582766923905,14.844325441883976,22.069296740128785,22.259844401474272,29.537953484852423,0.16941503696822188,180.0,150.0,31.36788749694824,195.90890502929688,16.390625,1.3242567777633667,-214.04718017578125
5377.498911142349,30.16503143310547,14.847965240478516,22.070884704589844,22.265161514282227,29.53375244140625,0.1680456399917602,180.0,150.0,31.348600072350244,195.87324632764245,,1.3394675200568171,-213.48675639135877
5377.510398864746,30.161773698356434,14.839469978162482,22.058219948665126,22.260209720475505,29.52207711953815,0.16792925723290997,180.0,150.0,31.326282501220703,195.8319854736328,16.796875,1.3570679426193235,-212.8382873535156
5377.522606372833,30.15831184387207,14.830442428588867,22.044761657714844,22.25494766235352,29.50967025756836,0.1678055822849273,180.0,150.0,31.330730313731692,195.79476326740485,,1.3495259520111162,-213.44613606497285
5377.531642198563,30.140168307647798,14.843833086992799,22.07648650324293,22.249646942251772,29.5162390070745,0.170827819027048,95.72798023471279,79.77331686226066,31.334022521972656,195.7672119140625,16.796875,1.343943476676941,-213.89605712890625
5377.5419063568115,30.119558334350582,14.859044075012209,22.112524032592773,22.24362564086914,29.523700714111328,0.1742608994245529,0.0,0.0,31.354326820326985,195.79050407528035,,1.3610161522762632,-214.2362784218181
5377.552157402039,30.117267127715365,14.862512331002048,22.097845022515532,22.258013412265132,29.515383479214226,0.17619518598054115,0.0,0.0,31.374605178833008,195.8137664794922,16.796875,1.3780670166015625,-214.57606506347656
5377.56211400032,30.11504173278809,14.865880966186523,22.08358764648437,22.271987915039062,29.507305145263672,0.178073912858963,0.0,0.0,31.359180367919112,195.76998458907366,,1.3681062904705734,-214.54022311912996
5377.573147773743,30.142707140194606,14.899058915365824,22.077166617603726,22.278775498718012,29.498400391628998,0.17758518135694015,0.0,0.0,31.342086791992188,195.72146606445312,16.796875,1.3570679426193235,-214.50050354003903
5377.582093954086,30.165138244628903,14.925959587097168,22.07196044921875,22.284278869628903,29.491180419921875,0.1771889179944992,0.0,0.0,31.32017515547172,195.66835771109038,,1.3769030376930098,-214.13016610916696
5377.595049858093,30.13152969053771,14.889390416949567,22.085674690214145,22.265329001611793,29.491683125682897,0.1761200582536461,0.0,0.0,31.288442611694336,195.5914459228516,17.171875,1.405628323554993,-213.5938415527344
5377.605197668076,30.105205535888672,14.860747337341309,22.096416473388672,22.250486373901367,29.492076873779297,0.1752828657627105,0.0,0.0,31.30073033609737,195.53865818868795,,1.3956977650758757,-213.5938415527344
5377.613826036453,30.126643014619155,14.865086041859561,22.0801386914268,22.257166640823815,29.486544674490652,0.17169859370590998,0.0,0.0,31.31117820739746,195.4937744140625,17.171875,1.3872541189193726,-213.5938415527344
5377.625123023987,30.15471076965332,14.870766639709473,22.058826446533203,22.265913009643555,29.47930145263672,0.1670057624578476,0.0,0.0,31.305563335970355,195.5501166791567,,1.3976997556051152,-214.90926607814862
5377.636536598206,30.14998813121072,14.856097314070652,22.06544907027788,22.26279069439163,29.469898073797488,0.1688700262601316,0.0,0.0,31.29989051818848,195.60704040527344,17.171875,1.408253192901611,-216.2382659912109
5377.649024009705,30.144821166992188,14.840047836303713,22.072694778442383,22.259374618530277,29.45960998535156,0.1709096878767013,0.0,0.0,31.305883042483224,195.5827366721604,,1.396127832192842,-216.4244066478378
5377.656810998917,30.140334143685173,14.82903870635167,22.054325355872688,22.237105886830744,29.45990428971121,0.17184719597981754,0.0,0.0,31.309619903564453,195.5675811767578,17.171875,1.3885666131973269,-216.5404815673828
5377.665627479553,30.13525390625,14.816574096679688,22.033527374267575,22.21189308166504,29.46023750305176,0.1729086488485336,0.0,0.0,31.305302133958918,195.57274469504895,,1.3773750489700969,-215.3875720251141
5377.676455497742,30.13418603953266,14.84589032295785,21.96761806144242,22.152981135317216,29.454117591186797,0.17149907904863432,0.0,0.0,31.299999237060547,195.5790863037109,17.171875,1.3636300563812256,-213.97161865234372
5377.684174776077,30.133424758911133,14.86678981781006,21.920631408691406,22.11098289489746,29.44975471496582,0.1704941987991333,0.0,0.0,31.297728610821533,195.5736629174539,,1.3626741654521033,-214.76953991215643
5377.697652578354,30.129939211095515,14.87105205740018,21.87800518672236,22.057023859942834,29.449347876417274,0.16672628916858276,0.0,0.0,31.293764114379883,195.56419372558597,17.171875,1.361005187034607,-216.16270446777344
5377.70433139801,30.128211975097656,14.873164176940918,21.856882095336918,22.0302848815918,29.449146270751957,0.1648591309785843,0.0,0.0,31.2831210622023,195.56172311158352,,1.3686957819491141,-215.95298933938489
5377.719308376312,30.118141029899142,14.896110494500173,21.740381596344577,21.91044238625833,29.415390278980798,0.16308435023952966,0.0,0.0,31.259254455566406,195.55618286132807,17.5234375,1.3859416246414185,-215.4827117919922
5377.737703800201,30.105771424885663,14.924294232880923,21.597290245135483,21.763246239135707,29.373929594127798,0.16090448168748253,0.0,0.0,31.2311954498291,195.6210021972656,17.5234375,1.361005187034607,-217.522705078125
5377.741821527481,30.103002548217773,14.93060302734375,21.56525993347168,21.730297088623047,29.364648818969727,0.1604165285825729,0.0,0.0,31.224401306599034,195.60667811591418,,1.361005187034607,-217.04143902847818
5377.756507158279,30.0924129486084,14.90740966796875,21.437170028686523,21.565279006958008,29.30281639099121,0.1662128418684005,0.0,0.0,31.200170396611245,195.55559212697767,,1.361005187034607,-215.32503212708008
5377.758390188217,30.08915355825552,14.915531984283202,21.38449322612718,21.520879642360438,29.29100940012314,0.16640252502796576,0.0,0.0,31.19706344604492,195.54904174804688,17.5234375,1.361005187034607,-215.10494995117188
5377.76824593544,30.072093963623047,14.958044052124023,21.108783721923828,21.288494110107425,29.229211807250977,0.1673953235149383,0.0,0.0,31.215686424324637,195.71631530426578,,1.357738689111009,-216.1956118185494
5377.778189897537,30.07586076644816,14.92368315212647,20.977391751214622,21.156397726498774,29.17535944108839,0.16737643616185524,0.0,0.0,31.23447608947754,195.8850860595703,17.5234375,1.3544429540634155,-217.2960357666016
5377.789247751236,30.080049514770508,14.885473251342772,20.831281661987305,21.009504318237305,29.11547470092773,0.1673554331064224,0.0,0.0,31.23397181283326,195.9430818443447,,1.3544429540634155,-215.32992863215262
5377.799436807632,30.098185575860875,14.907296418892077,20.59853625263068,20.75353608513527,29.01632530733937,0.16427297706224708,0.0,0.0,31.23350715637207,195.99652099609372,17.796875,1.3544429540634155,-213.51829528808597
5377.807548046112,30.11262321472168,14.92466926574707,20.413253784179688,20.549766540527344,28.937395095825195,0.161819115281105,0.0,0.0,31.21625884360649,196.0707136788372,,1.357986253099287,-213.46000986491697
5377.820467710495,30.07762851081639,14.906280271615396,19.95480109712806,20.10339042627175,28.744083243654508,0.15405478496951933,0.0,0.0,31.18878555297852,196.1888885498047,17.796875,1.3636300563812256,-213.3671722412109
5377.829436540604,30.053335189819336,14.893514633178713,19.63654327392578,19.793516159057617,28.609886169433597,0.1486647874116897,0.0,0.0,31.168131262384815,196.27551877650293,,1.3630261108276311,-212.49792776258985
5377.839956998825,30.06280374704208,14.85724553086904,19.250249890283825,19.43396008092901,28.43199469719026,0.14522562268194059,0.0,0.0,31.143903732299805,196.37713623046875,17.796875,1.362317681312561,-211.47830200195312
5377.850219964981,30.072040557861328,14.821864128112791,18.873411178588867,19.08320426940918,28.25845718383789,0.1418706327676773,0.0,0.0,31.11590389318219,196.37697801268354,,1.3564854017499663,-210.09797990715376
5377.860742330551,30.073872855234686,14.742576505862479,18.464849625182655,18.662088373406696,27.9545995852619,0.138397422961616,0.0,0.0,31.087196350097656,196.37681579589844,17.796875,1.3505057096481323,-208.68276977539065
5377.870899915695,30.07564163208008,14.666037559509276,18.070451736450195,18.255571365356445,27.66127586364746,0.1350446194410324,0.0,0.0,31.086778130684216,196.5107201934609,,1.291801868749647,-205.81757175681065
5377.881634950638,30.071407173009987,14.523027144283903,17.556071647366647,17.742368349707334,27.255980929879616,0.12569869158990465,0.0,0.0,31.086336135864254,196.65223693847656,18.09375,1.229760766029358,-202.78948974609372
5377.891339302063,30.06757926940918,14.393747329711914,17.09107780456543,17.278438568115234,26.889598846435547,0.1172500774264335,0.0,0.0,31.0838536983327,196.882926623355,,1.3185588077793193,-195.6396859978466
5377.902862787247,30.059010059609268,14.140068924334933,16.33444300725589,16.467742648585034,26.257035452150017,0.11158406387337413,0.0,0.0,31.08090591430664,197.1568603515625,18.09375,1.4240025281906128,-187.1496124267578
5377.9128794670105,30.05156135559082,13.919561386108398,15.676745414733888,15.763052940368652,25.707185745239254,0.106658935546875,0.0,0.0,31.080877958111483,197.41583056852647,,1.4968269189207724,-181.01927411547777
5377.921998023987,30.042293534520066,13.670525482572007,15.166180375849574,15.263697884710497,25.132103654797678,0.09500141217270246,0.0,0.0,31.08085250854492,197.65158081054688,18.09375,1.563121676445007,-175.4385986328125
5377.935513496399,30.02855682373047,13.301405906677246,14.409423828125,14.52355670928955,24.279720306396484,0.0777226984500885,0.0,0.0,31.03864417840643,197.6192372267945,,1.6088721789899507,-161.80770040612458
5377.944097995758,30.01370312747973,12.737931075145335,13.64483105400049,13.783973788888794,23.395892146590445,0.0692550974528525,0.0,0.0,31.0118350982666,197.59869384765625,18.09375,1.6379311084747314,-153.14988708496094
5377.95300412178,29.998292922973636,12.153345108032228,12.851592063903809,13.016681671142578,22.47895050048828,0.0604702495038509,0.0,0.0,31.022110620998873,197.71142954924122,,1.5603533505935898,-139.65685838836782
5377.965342760086,29.999959892803336,11.529788069781137,12.05738809485614,12.233634470404152,21.65541145185991,0.04591226255304032,0.0,0.0,31.036346435546875,197.86761474609372,18.09375,1.452876329421997,-120.9634780883789
5377.975296258926,30.001304626464844,11.026768684387209,11.416708946228027,11.60195541381836,20.99106788635254,0.034168429672718,0.0,0.0,31.01604831280859,197.90159426370477,,1.4276754094803223,-108.53894598064471
5377.985559225082,29.998726550497786,10.246384222741238,10.665773081980198,10.8402215700767,20.349763306707484,0.03509641487993617,0.0,0.0,30.995119094848636,197.93663024902344,18.09375,1.40169095993042,-95.72811889648438
5377.995630025864,29.99619674682617,9.48061180114746,9.928897857666016,10.092750549316406,19.72046661376953,0.0360070243477821,0.0,0.0,30.998976475550144,197.93006840586168,,1.4374386061722346,-86.50704683280323
5378.004785776138,29.986209126651623,8.842374581681598,9.400068499041428,9.551383297301923,19.225874232644085,0.031399938191859364,0.0,0.0,31.00248336791992,197.92410278320312,18.3515625,1.4699381589889526,-78.12381744384766
5378.012481927872,29.977813720703125,8.30588436126709,8.955544471740723,9.096320152282717,18.81012916564941,0.0275273080915212,0.0,0.0,30.9966804997739,198.12028327600825,,1.4875920581169562,-53.836831173047784
5378.027099847794,29.980809799541703,7.835590328642357,8.7078702883521,8.88178290095681,18.405204608994854,0.02228803381995328,0.0,0.0,30.985658645629883,198.49290466308597,18.3515625,1.5211235284805298,-7.706604957580566
5378.034779071808,29.982383728027344,7.588531017303467,8.577759742736816,8.76908016204834,18.19248580932617,0.0195356886833906,0.0,0.0,31.00472387457897,198.62638138770942,,1.4461646001844857,14.007034915265777
5378.048209190369,29.978016555801474,6.980187309107096,7.530358904645971,7.49887469781121,17.562103813601684,0.01395199509829775,0.0,0.0,31.038066864013672,198.8598175048828,18.3515625,1.3150696754455566,51.98180389404297
5378.0582530498505,29.974750518798828,6.525230884552002,6.747048854827881,6.548937797546387,17.090665817260742,0.0097761694341897,0.0,0.0,31.03459501787189,198.84417145589453,,1.2902932112114438,38.46916077228595
5378.068426609039,29.96509427536235,4.972306700221123,5.79953841505168,5.746874465043224,16.334720922329474,0.004897574145721852,0.0,0.0,31.031078338623047,198.8283233642578,18.3515625,1.2651968002319336,24.78202438354492
5378.078639745712,29.955400466918945,3.4133412837982178,4.848341941833496,4.941690921783447,15.575835227966309,0.0,0.0,0.0,31.014088943921116,198.92668452154328,,1.5096339307748616,32.402667424335064
5378.088880777359,29.967885726009012,2.63777981015675,4.4085632254002505,4.517188505491276,14.312781094632863,0.0,0.0,0.0,30.997053146362305,199.0253143310547,18.6328125,1.754738688468933,40.04412460327149
5378.101653575897,29.983457565307617,1.6704856157302856,3.860063314437866,3.987741470336914,12.73747730255127,0.0,0.0,0.0,30.986269940516134,199.03086722599838,,1.6835552360741035,46.477375867283456
5378.110782146454,29.99147282175726,1.4861510340370652,3.5606185591290425,3.68870268621124,11.27156582294545,0.0,0.0,0.0,30.97856330871582,199.0348358154297,18.6328125,1.6326812505722046,51.07514572143555
5378.121794939041,30.00114250183105,1.2637680768966677,3.1993656158447266,3.327939510345459,9.503076553344728,0.0,0.0,0.0,30.96939220614342,199.1996646420912,,1.5356182167412566,50.50317414303074
5378.129693746567,29.980220837267105,1.1947043879422812,3.087228380876159,3.2310471095730864,8.34677839564196,0.0,0.0,0.0,30.962814331054688,199.31788635253903,18.6328125,1.46600079536438,50.09293365478516
5378.139145851135,29.95518493652344,1.1120593547821045,2.9530394077301025,3.115100860595703,6.963094711303711,0.0,0.0,0.0,30.969892813946313,199.38206933120478,,1.447678397579826,49.56554008119585
5378.150005578995,29.979560547532376,1.0744978487340557,2.764931638109098,2.8678523544967933,4.935007442995429,0.0,0.0,0.0,30.978025436401367,199.455810546875,18.6328125,1.4266273975372314,48.9596061706543
5378.158902645111,29.999530792236328,1.043724775314331,2.6108202934265137,2.66528868675232,3.2734532356262207,0.0,0.0,0.0,30.972846127609962,199.47598495884046,,1.4314297834690135,49.29750430722403
5378.171889066696,29.988941831022778,1.0307069711224257,2.349031141705889,2.3904294264950856,1.936687899091824,0.0,0.0,0.0,30.96528625488281,199.50543212890625,18.6328125,1.4384394884109497,49.79071044921875
5378.180657148361,29.98179244995117,1.021917700767517,2.1722781658172607,2.2048518657684326,1.0341399908065796,0.0,0.0,0.0,30.948246238293425,199.56470378808282,,1.5000148428364362,49.4262941179979
5378.191885948181,29.990744149297903,1.0205494750618236,1.917182754975421,2.029046416079636,0.9929330975213795,0.0,0.0,0.0,30.926424026489254,199.6406097412109,18.765625,1.5788710117340088,48.9596061706543
5378.200816631317,29.99786376953125,1.0194612741470337,1.7142958641052246,1.8892217874526975,0.960159718990326,0.0,0.0,0.0,30.958882580277262,199.6836714225697,,1.5356425658297501,48.821351927436304
5378.211408138275,30.00893541380557,1.0179472626255874,1.680141022205614,1.8785084738466593,0.9589973355491203,0.0,0.0,0.0,30.997377395629883,199.7347412109375,18.765625,1.484375,48.65738677978516
5378.2204077243805,30.01834297180176,1.0166608095169067,1.6511197090148926,1.8694053888320925,0.958009660243988,0.0,0.0,0.0,30.97296002345749,199.81546856803655,,1.4984627329217746,48.52762649602087
5378.232368707657,30.022116442854397,1.0169246857564862,1.5323010967034718,1.740247087509508,0.9540824428367043,0.0,0.0,0.0,30.940507888793945,199.9227600097656,18.765625,1.517186164855957,48.355167388916016
5378.241362571716,30.02495384216309,1.017123103141785,1.4429574012756348,1.6431286334991455,0.95112943649292,0.0,0.0,0.0,30.949218336140934,199.95305749719174,,1.5166336829147047,47.21021846642857
5378.253734827042,30.015002300047833,1.0169866178479687,1.4910744833281937,1.6814714050159258,0.9468247611890666,0.0,0.0,0.0,30.961200714111328,199.99473571777344,18.765625,1.515873670578003,45.63518905639648
5378.261343240738,30.008882522583008,1.0169026851654053,1.5206644535064695,1.7050505876541138,0.9441775679588318,0.0,0.0,0.0,30.960510007709992,200.03339347880765,,1.4840012144158992,47.14623123875558
5378.275039196014,30.012587248155732,1.0188197464597923,1.4921503490434058,1.7000186868665144,0.9352559517903777,0.0,0.0,0.0,30.959266662597656,200.1029815673828,18.890625,1.4266273975372314,49.86626815795898
5378.285190582275,30.01533317565918,1.0202406644821167,1.4710158109664917,1.6962890625,0.92864328622818,0.0,0.0,0.0,30.95904454343561,200.12071178722047,,1.4543550067500197,48.54256768548054
5378.294739723206,30.017767761229862,1.0184072919400209,1.4751887236718109,1.6862816578505833,0.9317467475005331,0.0,0.0,0.0,30.95883560180664,200.13739013671875,18.890625,1.4804376363754272,47.29739761352539
5378.303107976913,30.01990127563477,1.0168006420135498,1.4788455963134766,1.6775118112564087,0.9344664216041564,0.0,0.0,0.0,30.983174212290496,200.11324496784775,,1.4956348930835768,47.237062108269335
5378.315697669983,30.007347930963505,1.0168906751913558,1.4100423965082196,1.5883766451180148,0.9295553598777739,0.0,0.0,0.0,31.019790649414062,200.0769195556641,18.890625,1.5184985399246216,47.14628982543945
5378.326395273209,29.996681213378903,1.0169671773910522,1.3515795469284058,1.512637495994568,0.9253823757171632,0.0,0.0,0.0,31.003342934570707,200.17400843021858,,1.5171089432906362,47.666269451638925
5378.335904836655,30.002403493758734,1.0176007139573404,1.3003289710491075,1.4664873341901588,0.9248970401396446,0.0,0.0,0.0,30.98872184753418,200.26031494140625,18.890625,1.515873670578003,48.12850189208984
5378.346405744553,30.00872230529785,1.0183002948760986,1.243735671043396,1.4155261516571045,0.9243611097335817,0.0,0.0,0.0,30.96721339573054,200.26217220371626,,1.45929645471289,48.205139112804716
5378.356610298157,30.016836992652877,1.0174916544536794,1.2179690317773237,1.4061353165829789,0.9324572523539585,0.0,0.0,0.0,30.946311950683597,200.26397705078125,18.890625,1.404315948486328,48.27961349487305
5378.365330457687,30.023771286010746,1.0168006420135498,1.1959505081176758,1.3981105089187622,0.9393756985664368,0.0,0.0,0.0,30.946905040473286,200.2409007604647,,1.4260295179158515,47.830891307685775
5378.37716627121,30.02281014600941,1.0160729623498184,1.1731061581584654,1.3873829210976651,0.9292357426426048,0.0,0.0,0.0,30.947710037231445,200.20957946777344,18.890625,1.4555011987686155,47.22184371948242
5378.385177612305,30.022159576416016,1.015580415725708,1.157643437385559,1.3801217079162598,0.9223722815513612,0.0,0.0,0.0,30.96868911968386,200.30009689424898,,1.4759708455274612,47.54590282932859
5378.3977127075195,30.019291935968972,1.0158956067929394,1.1407858477705886,1.3600365113926483,0.9187376341905622,0.0,0.0,0.0,31.001514434814453,200.4417266845703,18.8046875,1.507999062538147,48.05294799804688
5378.408905982971,30.01673126220703,1.0161770582199097,1.1257327795028689,1.3421013355255127,0.915492057800293,0.0,0.0,0.0,30.977112303285633,200.49987159755963,,1.4775172948781117,48.30363096023758
5378.417954444885,30.008589061633252,1.0167054182043067,1.0849118478692694,1.3051769880193973,0.9172021520052025,0.0,0.0,0.0,30.957386016845703,200.546875,18.8046875,1.452876329421997,48.50627899169922
5378.427961587906,29.999584197998047,1.0172897577285769,1.0397659540176392,1.2643405199050903,0.9190934300422668,0.0,0.0,0.0,30.97186607968484,200.5386725287262,,1.4705008152123076,47.67614357097814
5378.442546129227,30.02450374794011,1.0173360412925656,1.0147818979623662,1.2348560075029957,0.9075979102463151,0.0,0.0,0.0,30.992969512939453,200.52671813964844,18.8046875,1.4961869716644287,46.46629333496094
5378.448283910751,30.0343074798584,1.0173542499542236,1.0049527883529663,1.2232563495635986,0.903075397014618,0.0,0.0,0.0,30.984683802395498,200.5360554394521,,1.499245693021158,47.01969599299323
5378.459780216217,30.04169303077824,1.017611346524061,0.9871363539843593,1.211001857941735,0.9102329703720624,0.0,0.0,0.0,30.96808242797852,200.5547637939453,18.8046875,1.5053741931915283,48.12850189208984
5378.470874786377,30.04882049560547,1.0178594589233398,0.9699425101280212,1.1991755962371826,0.9171404242515564,0.0,0.0,0.0,30.953844400695594,200.55979035355858,,1.4798131398878913,47.623988566041554
5378.479718208313,30.033261414322837,1.0172968888356413,0.9736254052745719,1.1987279006009581,0.9202067122335531,0.0,0.0,0.0,30.942495346069336,200.5637969970703,18.9296875,1.4594385623931885,47.22184371948242
5378.489632844925,30.015817642211918,1.0166661739349363,0.9777544140815736,1.198225975036621,0.9236444234848022,0.0,0.0,0.0,30.959215890901813,200.58244514761634,,1.445501082705735,46.954392646526045
5378.502125263214,30.03132217334203,1.017037879264806,0.9818398307041765,1.2030592583269137,0.9140447712902733,0.0,0.0,0.0,30.980283737182617,200.6059417724609,18.9296875,1.4279398918151855,46.61740493774414
5378.50968503952,30.04070472717285,1.0172628164291382,0.984312117099762,1.205984115600586,0.9082355499267578,0.0,0.0,0.0,30.96354731938204,200.60659328193094,,1.4686466529512978,47.317384253806004
5378.520893096924,30.06943329692996,1.0166177046068583,0.9903012138438719,1.208425966474783,0.9085671650825778,0.0,0.0,0.0,30.93873405456543,200.6075592041016,18.9296875,1.5289981365203855,48.355167388916016
5378.529669284821,30.091928482055664,1.0161125659942627,0.9949908256530762,1.2103379964828491,0.9088268280029296,0.0,0.0,0.0,30.94671042164493,200.53278229160776,,1.5037497240731266,47.5592010877409
5378.540053367615,30.061319307815822,1.0168756483129502,0.9854521387990911,1.1973729853994277,0.9061788047978083,0.0,0.0,0.0,30.956148147583008,200.44430541992188,18.9296875,1.4738755226135254,46.61740493774414
5378.549272060394,30.03414535522461,1.0175530910491943,0.9769839644432068,1.185863018035889,0.903827965259552,0.0,0.0,0.0,30.946985169435997,200.4945051353932,,1.4733033042327819,46.22212043024456
5378.561198234558,30.02602839905196,1.0161673698003386,0.9685473103761353,1.1706023233043403,0.9030626361419917,0.0,0.0,0.0,30.935131072998047,200.5594482421875,19.0625,1.4725630283355713,45.71074295043945
5378.572725772858,30.0181827545166,1.0148279666900637,0.9603926539421082,1.1558517217636108,0.9023228883743286,0.0,0.0,0.0,30.935583033809596,200.55013977270707,,1.4534475835445777,46.260964102588765
5378.581776380539,30.025940348762045,1.014298857421113,0.9557232631237147,1.1571584143429001,0.9094411498526472,0.0,0.0,0.0,30.935937881469727,200.54283142089844,19.0625,1.4384394884109497,46.69295883178711
5378.5904722213745,30.03339385986328,1.013790488243103,0.95123690366745,1.1584138870239258,0.9162803888320924,0.0,0.0,0.0,30.919251005449617,200.53549584719863,,1.4469947275128017,47.27781386550345
5378.603120565414,30.04033071943494,1.015226051786996,0.946965505605158,1.1614648602019293,0.9133257134418014,0.0,0.0,0.0,30.89497947692871,200.5248260498047,19.0625,1.4594385623931885,48.12850189208984
5378.611641407013,30.04500389099121,1.016193151473999,0.9440879821777344,1.1635202169418335,0.9113352298736572,0.0,0.0,0.0,30.909346937605964,200.5730736524104,,1.4723716068400394,47.508060339623114
5378.623873233795,30.039666792345486,1.0154414447506352,0.9519688759745516,1.1672885501722476,0.9158878185440187,0.0,0.0,0.0,30.92997169494629,200.642333984375,19.0625,1.4909372329711914,46.61740493774414
5378.634556055069,30.035005569458008,1.0147849321365356,0.9588517546653748,1.1705796718597412,0.9198638796806335,0.0,0.0,0.0,30.945450770421232,200.64847059143813,,1.4666166049201712,47.185010522680265
5378.6452033519745,30.023321582436395,1.0152168098124141,0.9578854259054094,1.1701359196799384,0.9187299301608521,0.0,0.0,0.0,30.960878372192383,200.6545867919922,19.0625,1.4423768520355225,47.75072860717773
5378.653903007507,30.01377487182617,1.0155696868896484,0.9570958614349364,1.1697733402252195,0.9178034067153932,0.0,0.0,0.0,30.971224757817488,200.62294136865052,,1.440794647933313,48.1757865488348
5378.666852712631,30.02397723363361,1.0156301887004626,0.9549324947702327,1.16888417097133,0.9163917079613527,0.0,0.0,0.0,30.98662567138672,200.57583618164065,19.0625,1.4384394884109497,48.80849838256836
5378.6792142391205,30.033716201782227,1.0156879425048828,0.9528673887252808,1.1680353879928589,0.915044128894806,0.0,0.0,0.0,30.96940494279194,200.61214558165452,,1.4469260286173053,48.186699907330514
5378.687881469727,30.046099902871514,1.016438068771862,0.9514285001714582,1.1632941442727538,0.9162471349367511,0.0,0.0,0.0,30.95733070373535,200.6376037597656,19.109375,1.452876329421997,47.75072860717773
5378.698964595795,30.061935424804688,1.0173972845077517,0.9495885372161864,1.157231330871582,0.9177854657173156,0.0,0.0,0.0,30.991445131186804,200.62476930939758,,1.4607615209107891,47.62692824899299
5378.7081735134125,30.04826648651856,1.0172291245775396,0.9542828578386916,1.168406725411062,0.9143012805823096,0.0,0.0,0.0,31.019790649414062,200.61410522460935,19.109375,1.467313289642334,47.52406311035156
5378.7192804813385,30.03178024291992,1.0170263051986694,0.9599447250366212,1.1818854808807373,0.9100989699363708,0.0,0.0,0.0,30.98921516761448,200.60787542743842,,1.4678605942664325,47.93368022862834
5378.734806776047,30.046116308078584,1.0166478917607957,0.9562671609162987,1.1858458758539403,0.9064443731056302,0.0,0.0,0.0,30.946474075317383,200.5991668701172,19.109375,1.4686256647109983,48.50627899169922
5378.75387096405,30.063719055324558,1.016183251287441,0.9517516100329549,1.19070870473592,0.9019570229446577,0.0,0.0,0.0,31.000547409057617,200.63819885253903,19.109375,1.4883123636245728,49.41293716430664
5378.755665779114,30.06537628173828,1.0161395072937012,0.9513264894485474,1.1911665201187134,0.9015345573425292,0.0,0.0,0.0,30.998256335741832,200.63691876516543,,1.487005855893144,49.24199751391505
5378.759873867035,30.06634330749512,1.0185421705245972,0.9587263464927672,1.1917577981948853,0.902484118938446,0.0,0.0,0.0,30.992884730531472,200.63391749761175,,1.4839426436907375,48.841215788435306
5378.773703575134,30.061624276505956,1.0176580499653398,0.9592926413754864,1.1844376902419458,0.9037216155984342,0.0,0.0,0.0,30.975231170654297,200.62405395507807,19.328125,1.4738755226135254,47.52406311035156
5378.783501625061,30.05828094482422,1.0170316696166992,0.9596938490867616,1.1792515516281128,0.904598355293274,0.0,0.0,0.0,30.98069629108287,200.5977558987752,,1.4622442930981123,47.594546527423745
5378.794709920883,30.05828094482422,1.0170316696166992,0.9596938490867616,1.1792515516281128,0.904598355293274,0.0,0.0,0.0,30.986948013305664,200.5676727294922,19.328125,1.4489389657974243,47.675174713134766
